ID,Bilddatei,Name / Bezeichnung,Erkannte Gefäßform,Form SKOS-URI,Form Konfidenz (%),Erkannte Ware/Stil,Ware SKOS-URI,Ware Konfidenz (%),Produktionsgebiet,Künstler / Werkstatt,Datierung,Material,Standort,Inventar-Nr.,Beazley-Nr.,Skosmos Link (Form),Skosmos Link (Ware)
0470d55f-92f3-4d6a-8180-4d2d891a9277,0470d55f-92f3-4d6a-8180-4d2d891a9277.jpg,Attisch rotfigurige Lekythos aus Grab T 206-8 in Metapont,Lekythos,http://vocabs.bcdh.uni-bonn.de/hector_heritage_assets/concept_5b62f4af,80.0%,Attisch Rotfigurig,http://vocabs.bcdh.uni-bonn.de/hector_heritage_assets/concept_69d3cf4c,50.2%,Attisch,Berliner Maler,Um 240 v. Chr.,Ton,,,,https://vocabs.bcdh.uni-bonn.de/hector_heritage_assets/de/page/concept_5b62f4af,https://vocabs.bcdh.uni-bonn.de/hector_heritage_assets/de/page/concept_69d3cf4c
0d1a3acf-40ee-4e88-9075-fc0e0593956d,0d1a3acf-40ee-4e88-9075-fc0e0593956d.jpg,Psykter,Psykter,http://vocabs.bcdh.uni-bonn.de/hector_heritage_assets/concept_c73fec47,50.0%,Attische Keramik,http://vocabs.bcdh.uni-bonn.de/hector_heritage_assets/concept_2ad94740,55.1%,Attika,Oltos,525 v. Chr. - 500 v. Chr.,Ton,"New York, Sammlung Norbert Schimmel (ehemals)",,ARV²1622.7,https://vocabs.bcdh.uni-bonn.de/hector_heritage_assets/de/page/concept_c73fec47,https://vocabs.bcdh.uni-bonn.de/hector_heritage_assets/de/page/concept_2ad94740
10ec9fff-4813-4a6c-8a39-64b1a78e7660,10ec9fff-4813-4a6c-8a39-64b1a78e7660.jpg,"Athlet, bekränzt und mit Bändern geschmückt",Trinkschale,http://vocabs.bcdh.uni-bonn.de/hector_heritage_assets/concept_b1d6ebaf,39.5%,Attische Keramik,http://vocabs.bcdh.uni-bonn.de/hector_heritage_assets/concept_2ad94740,79.3%,Attisch,Oltos,520 v. Chr. - 510 v. Chr.,Ton,,,"ARV² 61, 73",https://vocabs.bcdh.uni-bonn.de/hector_heritage_assets/de/page/concept_b1d6ebaf,https://vocabs.bcdh.uni-bonn.de/hector_heritage_assets/de/page/concept_2ad94740
202aa198-1575-43d3-a65e-f2c1354d0a0c,202aa198-1575-43d3-a65e-f2c1354d0a0c.jpg,Herakles und Acheloos,Stamnos,http://vocabs.bcdh.uni-bonn.de/hector_heritage_assets/concept_f17f817a,53.3%,Attische Keramik,http://vocabs.bcdh.uni-bonn.de/hector_heritage_assets/concept_2ad94740,68.1%,Attisch,Oltos,Um 520 v. Chr.,Ton,"London, British Museum",E 437,"ARV² 54, 5",https://vocabs.bcdh.uni-bonn.de/hector_heritage_assets/de/page/concept_f17f817a,https://vocabs.bcdh.uni-bonn.de/hector_heritage_assets/de/page/concept_2ad94740
21e1a103-a9c3-4f87-bdc1-8d17aba27b44,21e1a103-a9c3-4f87-bdc1-8d17aba27b44.jpg,Kylix des Oltos: Eine Mänade erwehrt sich zweier zudringlicher Satyrn,Trinkschale,http://vocabs.bcdh.uni-bonn.de/hector_heritage_assets/concept_b1d6ebaf,28.3%,Attische Keramik,http://vocabs.bcdh.uni-bonn.de/hector_heritage_assets/concept_2ad94740,51.1%,Attisch,Oltos (Maler); Kachrylion (Töpfer),Um 500 v. Chr.,Ton,"Kopenhagen, Nationalmuseum",13407,ARV² 59.57|BAPD 200447,https://vocabs.bcdh.uni-bonn.de/hector_heritage_assets/de/page/concept_b1d6ebaf,https://vocabs.bcdh.uni-bonn.de/hector_heritage_assets/de/page/concept_2ad94740
38d61f1d-516f-4b46-9a9d-2de7aa785843,38d61f1d-516f-4b46-9a9d-2de7aa785843.jpg,Glockenkrater des Malers der Berliner Tänzerin: Herakles und der nemeische Löwe,Krater,http://vocabs.bcdh.uni-bonn.de/hector_heritage_assets/concept_4ec3b0ea,56.3%,Unteritalisch Rotfigurig,http://vocabs.bcdh.uni-bonn.de/hector_heritage_assets/concept_b5d694d6,51.0%,Apulisch,Maler der Berliner Tänzerin,440 v. Chr. - 420 v. Chr.,Ton,"Neapel, Museo Archeologico Nazionale",SANC 81571,,https://vocabs.bcdh.uni-bonn.de/hector_heritage_assets/de/page/concept_4ec3b0ea,https://vocabs.bcdh.uni-bonn.de/hector_heritage_assets/de/page/concept_b5d694d6
4216f1b0-ff90-4e8d-b78b-147c8bc345e8,4216f1b0-ff90-4e8d-b78b-147c8bc345e8.jpg,Priamos erbittet Leiche des Hektors von Achill,Trinkschale,http://vocabs.bcdh.uni-bonn.de/hector_heritage_assets/concept_b1d6ebaf,50.9%,Attische Keramik,http://vocabs.bcdh.uni-bonn.de/hector_heritage_assets/concept_2ad94740,52.3%,Attisch,Oltos,520 v. Chr. - 480 v. Chr.,Ton,"München, Staatliche Antikensammlungen",2618,"ARV² 61, 74; 1622",https://vocabs.bcdh.uni-bonn.de/hector_heritage_assets/de/page/concept_b1d6ebaf,https://vocabs.bcdh.uni-bonn.de/hector_heritage_assets/de/page/concept_2ad94740
4aca1481-6148-450f-bae2-df23e44610bd,4aca1481-6148-450f-bae2-df23e44610bd.jpg,Schale des Oltos: Theseus und Antiope,Trinkschale,http://vocabs.bcdh.uni-bonn.de/hector_heritage_assets/concept_b1d6ebaf,71.1%,Attische Keramik,http://vocabs.bcdh.uni-bonn.de/hector_heritage_assets/concept_2ad94740,59.4%,Attisch,Kachrylion,520 v. Chr. - 500 v. Chr.,Ton,"London, British Museum",E 41|41,"ARV² 58,51|BAPD 200441",https://vocabs.bcdh.uni-bonn.de/hector_heritage_assets/de/page/concept_b1d6ebaf,https://vocabs.bcdh.uni-bonn.de/hector_heritage_assets/de/page/concept_2ad94740
5be01285-897a-474d-9865-c95c30dabc74,5be01285-897a-474d-9865-c95c30dabc74.jpg,Psykter des Oltos-Malers: Krieger reiten auf Delphinen über das Meer,Psykter,http://vocabs.bcdh.uni-bonn.de/hector_heritage_assets/concept_c73fec47,64.8%,Attische Keramik,http://vocabs.bcdh.uni-bonn.de/hector_heritage_assets/concept_2ad94740,46.2%,Attisch,Oltos,520 v. Chr. - 510 v. Chr.,Ton,"New York, The Metropolitan Museum of Art",1989.281.69,"ARV² 1622,7|BAPD 275024",https://vocabs.bcdh.uni-bonn.de/hector_heritage_assets/de/page/concept_c73fec47,https://vocabs.bcdh.uni-bonn.de/hector_heritage_assets/de/page/concept_2ad94740
5c16d54e-0b73-4742-841c-f9055cd92624,5c16d54e-0b73-4742-841c-f9055cd92624.jpg,Stamnos des Oltos und des Töpfers Pamphaios: Herakles greift das Horn des fischleibigen Acheloos,Stamnos,http://vocabs.bcdh.uni-bonn.de/hector_heritage_assets/concept_f17f817a,46.0%,Attische Keramik,http://vocabs.bcdh.uni-bonn.de/hector_heritage_assets/concept_2ad94740,57.5%,Attisch,Pamphaios,Um 520 v. Chr.,Ton,"London, British Museum",E 437,"ARV² 54,5|BAPD 200437",https://vocabs.bcdh.uni-bonn.de/hector_heritage_assets/de/page/concept_f17f817a,https://vocabs.bcdh.uni-bonn.de/hector_heritage_assets/de/page/concept_2ad94740
5d7930a6-e64d-4648-a8f0-b19bfb24d44b,5d7930a6-e64d-4648-a8f0-b19bfb24d44b.jpg,Attisch-rotfigurige Bauchamphora des Berliner Malers,Transportamphora,http://vocabs.bcdh.uni-bonn.de/hector_heritage_assets/concept_65909227,40.5%,Attisch Rotfigurig,http://vocabs.bcdh.uni-bonn.de/hector_heritage_assets/concept_69d3cf4c,59.5%,Attisch,,Um 480 v. Chr.,Ton,"Basel, Antikenmuseum Basel und Sammlung Ludwig",BS 456,,https://vocabs.bcdh.uni-bonn.de/hector_heritage_assets/de/page/concept_65909227,https://vocabs.bcdh.uni-bonn.de/hector_heritage_assets/de/page/concept_69d3cf4c
9bd2d4b2-e608-492d-a73e-54dfa4e4937c,9bd2d4b2-e608-492d-a73e-54dfa4e4937c.jpg,Fliehende Silene,Psykter,http://vocabs.bcdh.uni-bonn.de/hector_heritage_assets/concept_c73fec47,65.3%,Attische Keramik,http://vocabs.bcdh.uni-bonn.de/hector_heritage_assets/concept_2ad94740,67.2%,Attisch,Euthymides,500 v. Chr. - 490 v. Chr.,Ton,"Compiègne, Musée Antoine Vivenel",L 1068|1068,"ARV² 188, 66",https://vocabs.bcdh.uni-bonn.de/hector_heritage_assets/de/page/concept_c73fec47,https://vocabs.bcdh.uni-bonn.de/hector_heritage_assets/de/page/concept_2ad94740
a1e1406e-dbb0-4e6f-857b-6a939a99b721,a1e1406e-dbb0-4e6f-857b-6a939a99b721.jpg,Halsamphora des Berliner-Malers: Nereide (Seite B),Transportamphora,http://vocabs.bcdh.uni-bonn.de/hector_heritage_assets/concept_65909227,42.7%,Attische Keramik,http://vocabs.bcdh.uni-bonn.de/hector_heritage_assets/concept_2ad94740,49.0%,Attisch,Berliner Maler,Um 490 v. Chr.,Ton,"Cambridge, Harvard University Art Museums, Arthur M. Sackler Museum",1927.150,"ARV² 200, 49|BAPD: 201859",https://vocabs.bcdh.uni-bonn.de/hector_heritage_assets/de/page/concept_65909227,https://vocabs.bcdh.uni-bonn.de/hector_heritage_assets/de/page/concept_2ad94740
a686f669-5edb-4dae-95e3-cdd449d2ebe9,a686f669-5edb-4dae-95e3-cdd449d2ebe9.jpg,Zwei Amphoren des Oltos: Kentaur Chiron und Achill; Satyr und Mänade,Transportamphora,http://vocabs.bcdh.uni-bonn.de/hector_heritage_assets/concept_65909227,30.3%,Attische Keramik,http://vocabs.bcdh.uni-bonn.de/hector_heritage_assets/concept_2ad94740,59.9%,Attisch,Pamphaios,520 v. Chr. - 515 v. Chr.,Ton,"Paris, Musée du Louvre",(links) G 2; (rechts) G 3,"(links) ARV² 53,2; (rechts) ARV² 53,1",https://vocabs.bcdh.uni-bonn.de/hector_heritage_assets/de/page/concept_65909227,https://vocabs.bcdh.uni-bonn.de/hector_heritage_assets/de/page/concept_2ad94740
a7f7eff0-68e0-4eec-873c-cf4c46927627,a7f7eff0-68e0-4eec-873c-cf4c46927627.jpg,Dinos des Berliner-Malers,Dinos,http://vocabs.bcdh.uni-bonn.de/hector_heritage_assets/concept_2b10bc00,78.6%,Attische Keramik,http://vocabs.bcdh.uni-bonn.de/hector_heritage_assets/concept_2ad94740,71.9%,Attisch,,Um 480 v. Chr.,Ton,"Schweiz, Basel, Antikenmuseum und Sammlung Ludwig",Lu 39,,https://vocabs.bcdh.uni-bonn.de/hector_heritage_assets/de/page/concept_2b10bc00,https://vocabs.bcdh.uni-bonn.de/hector_heritage_assets/de/page/concept_2ad94740
af6ee239-0f7b-4093-8f6a-a8cc48128861,af6ee239-0f7b-4093-8f6a-a8cc48128861.jpg,Psykter,Psykter,http://vocabs.bcdh.uni-bonn.de/hector_heritage_assets/concept_c73fec47,58.8%,Attische Keramik,http://vocabs.bcdh.uni-bonn.de/hector_heritage_assets/concept_2ad94740,59.9%,Attisch,Oltos,520 v. Chr. - 510 v. Chr.,Ton,"New York, Metropolitan Museum of Art",1989.281.69,,https://vocabs.bcdh.uni-bonn.de/hector_heritage_assets/de/page/concept_c73fec47,https://vocabs.bcdh.uni-bonn.de/hector_heritage_assets/de/page/concept_2ad94740
c444f0e4-61ae-4e19-93e1-779305f0773b,c444f0e4-61ae-4e19-93e1-779305f0773b.jpg,Herakles und Dionysos mit Weingefäßen und Satyrn,Psykter,http://vocabs.bcdh.uni-bonn.de/hector_heritage_assets/concept_c73fec47,66.2%,Attische Keramik,http://vocabs.bcdh.uni-bonn.de/hector_heritage_assets/concept_2ad94740,62.1%,Attisch,Euthymides,Um 500 v. Chr.,Ton,"Compiègne, Musée Antoine Vivenel",V 1068|1068,"ARV² 188, 66",https://vocabs.bcdh.uni-bonn.de/hector_heritage_assets/de/page/concept_c73fec47,https://vocabs.bcdh.uni-bonn.de/hector_heritage_assets/de/page/concept_2ad94740
d7feea02-13c8-49bb-aeb1-fd4539bfd89a,d7feea02-13c8-49bb-aeb1-fd4539bfd89a.jpg,Trinkschale,Trinkschale,http://vocabs.bcdh.uni-bonn.de/hector_heritage_assets/concept_b1d6ebaf,75.0%,Attische Keramik,http://vocabs.bcdh.uni-bonn.de/hector_heritage_assets/concept_2ad94740,67.4%,Attisch,Euxitheos; Oltos,,Keramik,"Tarquinia, Museo Archeologico Nazionale",RC 6848,"ARV² 60, 66",https://vocabs.bcdh.uni-bonn.de/hector_heritage_assets/de/page/concept_b1d6ebaf,https://vocabs.bcdh.uni-bonn.de/hector_heritage_assets/de/page/concept_2ad94740
e96dc2f1-831f-4de3-89de-19cafa3bf55b,e96dc2f1-831f-4de3-89de-19cafa3bf55b.jpg,"Schale, Typ B",Trinkschale,http://vocabs.bcdh.uni-bonn.de/hector_heritage_assets/concept_b1d6ebaf,95.9%,Attische Keramik,http://vocabs.bcdh.uni-bonn.de/hector_heritage_assets/concept_2ad94740,58.4%,Attisch,Zugeschrieben dem Oltos,510 v. Chr. - 500 v. Chr.,Ton,,,,https://vocabs.bcdh.uni-bonn.de/hector_heritage_assets/de/page/concept_b1d6ebaf,https://vocabs.bcdh.uni-bonn.de/hector_heritage_assets/de/page/concept_2ad94740
ecbe2506-e966-4066-be9f-b4513844226d,ecbe2506-e966-4066-be9f-b4513844226d.jpg,Aphrodite und Ares,Trinkschale,http://vocabs.bcdh.uni-bonn.de/hector_heritage_assets/concept_b1d6ebaf,51.6%,Attische Keramik,http://vocabs.bcdh.uni-bonn.de/hector_heritage_assets/concept_2ad94740,61.0%,Attisch,Oltos,,Ton,"Tarquinia, Museo Archeologico Nazionale",RC 6848,"ARV² 60, 66",https://vocabs.bcdh.uni-bonn.de/hector_heritage_assets/de/page/concept_b1d6ebaf,https://vocabs.bcdh.uni-bonn.de/hector_heritage_assets/de/page/concept_2ad94740
